{"cameraMode":{"drawMode":0,"name":"Shaded","section":"Shading Mode"},"sceneLighting":false,"audioPlay":false,"sceneViewState":{"showFog":true,"showMaterialUpdate":false,"showSkybox":true,"showFlares":false,"showImageEffects":false,"showParticleSystems":false},"in2DMode":false,"pivot":{"x":5.1125946044921879,"y":1.059999942779541,"z":11.640000343322754},"rotation":{"x":-0.19753319025039674,"y":0.568547785282135,"z":-0.1429416984319687,"w":-0.7856855988502502},"size":4.041658401489258,"orthographic":false}