{"cameraMode":{"drawMode":0,"name":"Shaded","section":"Shading Mode"},"sceneLighting":false,"audioPlay":false,"sceneViewState":{"showFog":true,"showMaterialUpdate":false,"showSkybox":true,"showFlares":false,"showImageEffects":false,"showParticleSystems":false},"in2DMode":false,"pivot":{"x":0.6641807556152344,"y":3.6792221069335939,"z":3.5058207511901857},"rotation":{"x":-0.04173273593187332,"y":0.8054821491241455,"z":-0.05713212490081787,"w":-0.5883814692497253},"size":2.8578836917877199,"orthographic":false}