{"cameraMode":{"drawMode":0,"name":"Shaded","section":"Shading Mode"},"sceneLighting":false,"audioPlay":false,"sceneViewState":{"showFog":true,"showMaterialUpdate":false,"showSkybox":true,"showFlares":false,"showImageEffects":false,"showParticleSystems":false},"in2DMode":false,"pivot":{"x":-38.6018180847168,"y":4.340000152587891,"z":-11.66979694366455},"rotation":{"x":-0.18444858491420747,"y":0.7296264171600342,"z":-0.21638800203800202,"w":-0.6219327449798584},"size":2.130478620529175,"orthographic":false}