{"cameraMode":{"drawMode":0,"name":"Shaded","section":"Shading Mode"},"sceneLighting":true,"audioPlay":false,"sceneViewState":{"showFog":true,"showMaterialUpdate":false,"showSkybox":true,"showFlares":false,"showImageEffects":false,"showParticleSystems":false},"in2DMode":false,"pivot":{"x":-6.663655757904053,"y":-3.9353771209716799,"z":-20.93308448791504},"rotation":{"x":-0.20072560012340547,"y":0.796392560005188,"z":-0.43954434990882876,"w":-0.36368802189826968},"size":13.279882431030274,"orthographic":false}