{"cameraMode":{"drawMode":0,"name":"Shaded","section":"Shading Mode"},"sceneLighting":true,"audioPlay":false,"sceneViewState":{"showFog":true,"showMaterialUpdate":true,"showSkybox":true,"showFlares":true,"showImageEffects":true,"showParticleSystems":true},"in2DMode":false,"pivot":{"x":8.938961029052735,"y":2.1086015701293947,"z":5.138579845428467},"rotation":{"x":-0.149031862616539,"y":-0.8409156203269959,"z":0.4317254424095154,"w":-0.29028448462486269},"size":14.287899017333985,"orthographic":false}